build_time,test_time,deploy_time,success,chosen_action,reward
36.800000000000004,28.0,0.0,1,Cache + Parallel Testing,-0.3486374142388615
52.0,40.599999999999994,0.0,1,Cache + Parallel Testing,-0.9289482098647006
36.800000000000004,28.0,0.0,1,Cache + Parallel Testing,-0.3486374142388615
40.800000000000004,32.199999999999996,0.0,1,Cache + Parallel Testing,-0.5212303925599073
36.0,28.0,0.0,1,Cache + Parallel Testing,-0.33300444907318605
10.4,4.8999999999999995,0.0,0,Cache + Parallel Testing,-1.3133947250618943
52.0,39.199999999999996,0.0,1,Cache + Parallel Testing,-0.8974721590338111
51.2,39.9,0.0,1,Cache + Parallel Testing,-0.8975772192835805
50.400000000000006,39.199999999999996,0.0,1,Cache + Parallel Testing,-0.8662062287024603
33.6,25.2,0.0,1,Cache + Parallel Testing,-0.22315345191438052
43.2,28.7,0.0,1,Cache + Parallel Testing,-0.48943916097970974
40.800000000000004,31.499999999999996,0.0,1,Cache + Parallel Testing,-0.5054923671444624
36.800000000000004,28.0,0.0,1,Cache + Parallel Testing,-0.3486374142388615
52.0,39.9,0.0,1,Cache + Parallel Testing,-0.913210184449256
39.2,30.099999999999998,0.0,1,Cache + Parallel Testing,-0.44275038598222194
37.6,29.4,0.0,1,Cache + Parallel Testing,-0.3957464302354263
37.6,29.4,0.0,1,Cache + Parallel Testing,-0.3957464302354263
32.800000000000004,25.2,0.0,1,Cache + Parallel Testing,-0.20752048674870505
62.400000000000006,46.9,0.0,1,Cache + Parallel Testing,-1.2738189857574849
36.0,28.0,0.0,1,Cache + Parallel Testing,-0.33300444907318605
33.6,25.9,0.0,1,Cache + Parallel Testing,-0.23889147732982519
40.800000000000004,30.799999999999997,0.0,1,Cache + Parallel Testing,-0.48975434172901755
48.800000000000004,37.099999999999994,0.0,1,Cache + Parallel Testing,-0.7877262221247752
