build_time,test_time,deploy_time,success,,Changes
54,41,0,1,,no changes
42,37,0,1,,no changes
41,36,0,1,,no changes
42,36,0,1,,no changes
78,67,0,1,,no changes
65,57,0,1,,no changes
64,57,0,1,,no changes
65,56,0,1,,no changes
61,53,0,1,,no changes
63,56,0,1,,no changes
65,58,0,1,,no changes
49,43,0,1,,no changes
46,40,0,1,,no changes
51,44,0,1,,update login page
47,42,0,1,,update dashboard
13,7,0,0,,update footer
45,40,0,1,,update bg color
46,40,0,1,,update health check feature
46,40,0,1,,updated project search placeholder
51,45,0,1,,add total project count
45,40,0,1,,add project count in dashboard
47,42,0,1,,Add automated test case
51,46,0,1,,Add duplicate profile page
